VariableID,VariableName,VariableType,IsDeleted,FlagUnique,FlagMandatory,FlagFreeUpdateAllVersion,FlagFreeUpdateLatestVersion
1,No variable,0,False,False,False,False,False
2,{F334414C-D58C-4EB4-9A8C-F84135E15785},6553604,False,False,False,False,False
3,{6E44B3C5-C6E9-46CC-976A-D9DDA88BF9A0},6619140,False,False,False,False,False
4,{32B2FEB3-A8E2-4336-85E3-38064E205CB8},6684673,False,False,False,False,False
5,{6D134D48-3B81-49A6-B191-3CB0F819222E},6750209,False,False,False,False,False
6,{2D8D5695-937E-40D1-8919-A7278FEB79DE},7012356,False,False,False,False,False
7,{4B02FA32-4766-456C-978A-CAEA1CAC19A0},7077892,False,False,False,False,False
8,{1BE9D895-EE84-436C-8C43-FA4B49EA6084},7143425,False,False,False,False,False
9,{DA8B3502-D870-4C00-A02E-DADA3E93DFEF},7208961,False,False,False,False,False
10,{9471C655-7375-4437-8E19-CB8E32BA2321},7274497,False,False,False,False,False
11,{8674D383-82BA-4BB6-B983-DAF182A73F3E},7340037,False,False,False,False,False
12,{D0616FC1-64ED-4EC4-AB03-5DC0C999920D},7405573,False,False,False,False,False
13,{B236F174-A9F3-4439-B68B-A7A834FD1104},7471105,False,False,False,False,False
14,{D2FE8E02-A1D2-4FD9-B6BB-DDC2CACB808E},8912897,False,False,False,False,False
15,{61AD6F18-9678-4192-A796-DDF8BC6138E8},7536644,False,False,False,False,False
16,{2B261901-4A47-47B3-8527-C9FCDD15117C},7602177,False,False,False,False,False
17,{709FAC53-63ED-4A4E-AB60-3F1DCB8C6714},7667717,False,False,False,False,False
18,{6AA6F325-BD93-4E2E-B2AA-0CC1E94202B7},7733253,False,False,False,False,False
19,{539E608C-2FE0-4887-BAA6-9DC3B87DB50B},7798785,False,False,False,False,False
20,{7C9BC6DA-BE4F-4338-B988-FD2440F80BB0},7864324,False,False,False,False,False
21,{1B5CDABF-6BB4-42F9-ACA4-FC8762ABF0CE},7929857,False,False,False,False,False
22,{83B7CD95-A21F-4BA4-8C23-547A9C1AA0B2},7995397,False,False,False,False,False
23,{440D76BA-2D5E-455C-B254-2AB444637FF7},8060933,False,False,False,False,False
24,{C9317E87-6ED2-443D-B346-ED009EF20AC6},8126465,False,False,False,False,False
25,{58F6AA2C-7A5A-4692-BC6C-5B4F8EA440C5},8192004,False,False,False,False,False
26,{93B4E7ED-8EBB-4F03-A7E2-959EEA1FC830},8257540,False,False,False,False,False
27,{E9F783BB-7262-4FA0-9443-3AE457A1ACC2},8323076,False,False,False,False,False
28,{EF3F5338-D5C0-4FF6-B721-3D4BDE4D3277},8388612,False,False,False,False,False
29,{E8549912-B699-49BA-B6DE-B95E357E74EF},8454148,False,False,False,False,False
30,{87C43F82-CC97-45A5-8699-A24D2CE1B348},8519684,False,False,False,False,False
31,{B9B4983A-9855-408A-9C47-3DB428AC85E0},8585220,False,False,False,False,False
32,{7405ECDE-5A6D-4493-B9B6-C34005AAEEC9},8650756,False,False,False,False,False
33,{5FB5651C-4B6D-474C-AA0D-E50A057EEA60},8716292,False,False,False,False,False
34,{BD4BB01C-3687-4E9A-ABDF-0892ABF55D09},8781829,False,False,False,False,False
35,{1946B826-D74E-46B3-9FA7-4F06FEA3A8BB},8847365,False,False,False,False,False
36,{92B7A074-DAC6-477E-BDD5-02BA52876151},8978433,False,False,False,False,False
37,{21EBDF78-DD24-4187-A0EF-4B1FD2342AFA},9043972,False,False,False,False,False
38,{056E1C90-3448-4182-A32E-10BA55440BF4},9109508,False,False,False,False,False
39,{39ACEFD1-1666-46C3-A5A2-4632F8CC2E2C},9175044,False,False,False,False,False
40,{98984EA0-6BC3-4B12-A345-48FB0541E4FA},9240580,False,False,False,False,False
41,{C9BD2218-CD60-4E51-A04A-4ABC05CFBB74},9306113,False,False,False,False,False
42,{B0540762-5FBB-4C66-AD2F-457FF8A0EE62},9371652,False,False,False,False,False
43,{99D02186-A274-453E-BF7F-D135C456EC0C},9437188,False,False,False,False,False
44,{50F1849E-AADF-452E-B29D-C9F67BF1637F},9502724,False,False,False,False,False
45,Author,1,False,False,False,False,False
46,Description,1,False,False,False,False,False
47,Revision,1,False,False,False,False,False
48,Part Number,1,False,False,False,False,False
49,Smart Description,1,False,False,False,False,False
50,Design By,1,False,False,False,False,False
51,Project Code,1,False,False,False,False,False
52,Description Of Change,1,False,False,False,False,False
53,1_11_DEV,1,False,False,False,False,False
54,1_11_Doc_Num,1,False,False,False,False,False
55,1_11_Due_Date,1,False,False,False,False,False
56,1_11_G_Spec,1,False,False,False,False,False
57,1_11_Gray Out,1,False,False,False,False,False
58,1_11_Hide,1,False,False,False,False,False
59,1_11_Initial Amount,1,False,False,False,False,False
60,1_11_Issue_Date,1,False,False,False,False,False
61,1_11_MOVEX_Spec,1,False,False,False,False,False
62,1_11_PDM Gray Out,1,False,False,False,False,False
63,1_11_PDM Similar PN,1,False,False,False,False,False
64,1_11_Similar PN,1,False,False,False,False,False
65,1_11_Special Labels Requirements,1,False,False,False,False,False
66,1_11_Use Description,1,False,False,False,False,False
67,Addative,1,True,False,False,False,False
68,Addative PN,1,False,False,False,False,False
69,Approve Date,1,False,False,False,False,False
70,Approved by,1,False,False,False,False,False
71,ApprovedME,1,False,False,False,False,False
72,ApprovedPDM,1,False,False,False,False,False
73,ApprovedTAPY,1,False,False,False,False,False
74,ApproveLOGISTICS,1,False,False,False,False,False
75,ApproveMOULD,1,False,False,False,False,False
76,Artist,1,False,False,False,False,False
77,Attachments,1,False,False,False,False,False
78,Body,1,False,False,False,False,False
79,Check Date,5,False,False,False,False,False
80,Checked by,1,False,False,False,False,False
81,Checked Date,1,False,False,False,False,False
82,Class Id,1,False,False,False,False,False
83,Client,1,False,False,False,False,False
84,ClientSubmitTime,5,False,False,False,False,False
85,Color Depth,1,False,False,False,False,False
86,Colorant,1,False,False,False,False,False
87,Colorant PN,1,False,False,False,False,False
88,Comment,1,False,False,False,False,False
89,Comments,1,False,False,False,False,False
90,ContextCategory,1,False,False,False,False,False
91,Copyright,1,False,False,False,False,False
92,CreationTime,5,False,False,False,False,False
93,Current-state,1,False,False,False,False,False
94,Customer Name,1,False,False,False,False,False
95,Customer PN,1,False,False,False,False,False
96,Date,5,False,False,False,False,False
97,DateApprovedLOGISTICS,1,False,False,False,False,False
98,DateApprovedME,1,False,False,False,False,False
99,DateApprovedMOULD,1,False,False,False,False,False
100,DateApprovedPDM,1,False,False,False,False,False
101,DateApprovedTAPY,1,False,False,False,False,False
102,Designed By,1,False,False,False,False,False
103,Designed Date,1,False,False,False,False,False
104,DispConfig,1,False,False,False,False,False
105,DisplayCC,1,False,False,False,False,False
106,DisplayTo,1,False,False,False,False,False
107,Division,1,False,False,False,False,False
108,Doc ID,1,False,True,False,False,False
109,Doc Type,1,False,False,False,False,False
110,Document Number,1,False,False,False,False,False
111,Document Type,1,False,False,False,False,False
112,Draw By,1,False,False,False,False,False
113,Draw Date,1,False,False,False,False,False
114,Draw Status,1,False,False,False,False,False
115,Drawn By,1,False,False,False,False,False
116,ERP Code,1,False,False,False,False,False
117,ERP Description 1,1,False,False,False,False,False
118,ERP Description 2,1,False,False,False,False,False
119,FileName,1,False,False,False,False,False
120,Glue,1,False,False,False,False,False
121,Heat,1,False,False,False,False,False
122,Height,1,False,False,False,False,False
123,Id,1,False,False,False,False,False
124,LastModificationTime,5,False,False,False,False,False
125,Level,1,False,False,False,False,False
126,Make By,1,False,False,False,False,False
127,Material,1,False,False,False,False,False
128,Material PN,1,False,False,False,False,False
129,MessageDeliveryTime,5,False,False,False,False,False
130,NameApprovedLOGISTICS,1,False,False,False,False,False
131,NameApprovedME,1,False,False,False,False,False
132,NameApprovedMOULD,1,False,False,False,False,False
133,NameApprovedPDM,1,False,False,False,False,False
134,NameApprovedTAPY,1,False,False,False,False,False
135,Number,1,False,False,False,False,False
136,Object id,1,False,False,False,False,False
137,Check1,1,False,False,False,False,False
138,Product Group,1,False,False,False,False,False
139,Project Name,1,False,False,False,False,False
140,Project number,1,False,False,False,False,False
141,RelatedEquipment,1,False,False,False,False,False
142,RelatedProducts,1,False,False,False,False,False
143,Released By,1,False,False,False,False,False
144,Released Date,1,False,False,False,False,False
145,Responsible,1,False,False,False,False,False
146,Scale,1,False,False,False,False,False
147,SenderName,1,False,False,False,False,False
148,SentRepresentingName,1,False,False,False,False,False
149,Short Related Equipment,1,False,False,False,False,False
150,Silicone,1,False,False,False,False,False
151,Smart Code,1,False,False,False,False,False
152,Smart Comments,1,False,False,False,False,False
153,Smart Design By,1,False,False,False,False,False
154,Smart Design Date,1,False,False,False,False,False
155,Smart Drawing Number,1,False,False,False,False,False
156,Smart ERP Name,1,False,False,False,False,False
157,Smart Group,1,False,False,False,False,False
158,Smart Id,1,False,False,False,False,False
159,Smart Part Number,1,False,False,False,False,False
160,Smart Product Group,1,False,False,False,False,False
161,Smart Project Code,1,False,False,False,False,False
162,Smart Revision,1,False,False,False,False,False
163,Smart Updated By,1,False,False,False,False,False
164,Smart Updated Date,1,False,False,False,False,False
165,Smart_File_Id,1,False,False,False,False,False
166,Stamp,1,False,False,False,False,False
167,Standard Desc,1,False,False,False,False,False
168,Standard Type,1,False,False,False,False,False
169,State,1,False,False,False,False,False
170,Subject,1,False,False,False,False,False
171,Title,1,False,False,False,False,False
172,Type,1,False,False,False,False,False
173,Update Description,1,False,False,False,False,False
174,Update Rev Approve Date,1,False,False,False,False,False
175,Update Rev. Approve,1,False,False,False,False,False
176,Update Rev. Check,1,False,False,False,False,False
177,Updated  Date,1,False,False,False,False,False
178,Updated By,1,False,False,False,False,False
179,Updated Check Date,1,False,False,False,False,False
180,Updated Design,1,False,False,False,False,False
181,Updated Design Date,1,False,False,False,False,False
182,Validation,1,False,False,False,False,False
183,Warehouse,1,False,False,False,False,False
184,Watermark,1,False,False,False,False,False
185,Width,1,False,False,False,False,False
186,WorkflowState,1,False,False,False,False,False
187,ApprovePFR,1,False,False,False,False,False
188,NameApprovedPFR,1,False,False,False,False,False
189,DateApprovedPFR,1,False,False,False,False,False
190,ApproveCOSTING,1,False,False,False,False,False
191,DateApprovedCOSTING,1,False,False,False,False,False
192,NameApprovedCOSTING,1,False,False,False,False,False
193,ApprovedPM,1,False,False,False,False,False
194,NameApprovedPM,1,False,False,False,False,False
195,DateApprovedPM,1,False,False,False,False,False
196,ApproveQA,1,False,False,False,False,False
197,NameApprovedQA,1,False,False,False,False,False
198,DateApprovedQA,1,False,False,False,False,False
199,1_11_Description,1,False,False,False,False,False
200,RelatedProductsList,1,False,False,False,False,False
201,Handle State,1,False,False,False,False,False
202,1_11_Annual Amount,1,False,False,False,False,False
203,PNandDesc,1,False,False,False,False,False
204,Addetive,1,False,False,False,False,False
205,Addetive PN,1,False,False,False,False,False
206,Drawing Number,1,False,False,False,False,False
207,ME_PartNumber,1,False,False,False,False,False
208,Creation Date,1,False,False,False,False,False
209,Equipment Type,1,False,False,False,False,False
210,ECO Number,1,False,False,False,False,False
211,MP-ReleasedBy-INJ,1,False,False,False,False,False
212,Description Customer Draw,1,False,False,False,False,False
213,Part Number Customer Draw,1,False,False,False,False,False
214,1_11 STP Cover Location,1,False,False,False,False,False
215,1_11MNB Cover Location,1,False,False,False,False,False
216,1_11_Sterilization,1,False,False,False,False,False
217,Ellipticals,1,False,False,False,False,False
218,1_11_WorkCenter2,1,False,False,False,False,False
219,1_11_WorkCenter3,1,False,False,False,False,False
220,1_11_WorkCenter4,1,False,False,False,False,False
221,1_11_RunTime1,1,False,False,False,False,False
222,1_11_RunTime2,1,False,False,False,False,False
223,1_11_RunTime3,1,False,False,False,False,False
224,1_11_RunTime4,1,False,False,False,False,False
225,1_11 SubAss Enable,1,False,False,False,False,False
226,1_11_Stage1Comp,1,False,False,False,False,False
227,1_11_Stage2Comp,1,False,False,False,False,False
228,1_11_Stage3Comp,1,False,False,False,False,False
229,1_11_Stage4Comp,1,False,False,False,False,False
230,1_11_Stage1Comment,1,False,False,False,False,False
231,1_11_Stage3Comment,1,False,False,False,False,False
232,1_11_StageComment,1,False,False,False,False,False
233,1_11_Stage4Comment,1,False,False,False,False,False
234,1_11_Stage2Comment,1,False,False,False,False,False
235,1_11_Validation Requierd,1,False,False,False,False,False
236,PrcdrDepartment,1,False,False,False,False,False
237,New Variable,1,False,False,False,False,False
238,Hide,1,False,False,False,False,False
239,MasterPlan,1,False,False,False,False,False
240,1_11_Author,1,False,False,False,False,False
241,1_11_ProdRate1,1,False,False,False,False,False
242,1_11_ProdRate2,1,False,False,False,False,False
243,1_11_ProdRate3,1,False,False,False,False,False
244,1_11_ProdRate4,1,False,False,False,False,False
245,ApproveQaProdCtrl,1,False,False,False,False,False
246,Project Dev Budget Code,1,False,False,False,False,False
247,Budget Code,1,False,False,False,False,False
248,Document Owner,1,False,False,False,False,False
249,Working Code,1,False,False,False,False,False
250,Project Dev Investment Code,1,False,False,False,False,False
251,Project Sponsor,1,False,False,False,False,False
252,Project Status,1,False,False,False,False,False
253,Document Title,1,False,False,False,False,False
254,Project Initiation Date,1,False,False,False,False,False
255,First issue date,1,False,False,False,False,False
256,Document Author,1,False,False,False,False,False
257,Approve Signed 1st rev,1,False,False,False,False,False
258,Approve Signed Latest rev,1,False,False,False,False,False
259,PrcdrOrder Num,1,False,False,False,False,False
260,PRJ-ProductGroup,1,False,False,False,False,False
261,PRJ-ProductSubGroup,1,False,False,False,False,False
262,MP-Signed-ME,1,False,False,False,False,False
263,MP-Signed-INJ,1,False,False,False,False,False
264,MP-ReleasedDate-INJ,1,False,False,False,False,False
265,MP-ReleaseEnable,1,False,False,False,False,False
266,Val Status,1,False,False,False,False,False
267,PrcdrDateAuthor,1,False,False,False,False,False
268,PrcdrApprovedAuthor,1,False,False,False,False,False
269,PrcdrNameApprover,1,False,False,False,False,False
270,PrcdrNameInspector,1,False,False,False,False,False
271,PrcdrDateApprover,1,False,False,False,False,False
272,PrcdrDateInspector,1,False,False,False,False,False
273,PrcdrApprovedApprover,1,False,False,False,False,False
274,PrcdrApprovedInspector,1,False,False,False,False,False
275,PrcdrSubject,1,False,False,False,False,False
276,PrcdrOrderNum&Subject,1,False,False,False,False,False
277,EAP-NameQaRegMngr,1,False,False,False,False,False
278,EAP-DateQaRegMngr,1,False,False,False,False,False
279,EAP-SignQaRegMngr,1,False,False,False,False,False
280,EAP-NameApprover1,1,False,False,False,False,False
281,EAP-DateAuthor,1,False,False,False,False,False
282,EAP-SignAuthor,1,False,False,False,False,False
283,EAP-DateApprover1,1,False,False,False,False,False
284,EAP-SignApprover1,1,False,False,False,False,False
285,RelatedPocedures,1,False,False,False,False,False
286,Check2,1,False,False,False,False,False
287,Check3,1,False,False,False,False,False
288,EAP-NameTester,1,False,False,False,False,False
289,EAP-DateTester,1,False,False,False,False,False
290,EAP-SignTester,1,False,False,False,False,False
291,PrcdrType,1,False,False,False,False,False
292,PrcdrAppendixNum,1,False,False,False,False,False
293,RelatedProceduresList,1,False,False,False,False,False
294,PrcdrCheckRelatedProcedurs,1,False,False,False,False,False
295,PrcdrPrReleaseDate,1,False,False,False,False,False
296,PrcdrNamePr,1,False,False,False,False,False
297,PrcdrGroup,1,False,False,False,False,False
298,PrcdrProcedure,1,False,False,False,False,False
299,SQLDemo,1,False,False,False,False,False
300,PrcdrOneApprover,1,False,False,False,False,False
301,PRJ-Product1st Subdivision,1,False,False,False,False,False
302,PRJ-Product2st Subdivision,1,False,False,False,False,False
303,1_11_NumberOfWorkers,1,False,False,False,False,False
304,PrcdrValidDate,1,False,False,False,False,False
305,ReviewDepartment,1,False,False,False,False,False
306,ReviewFirstIssueDate,1,False,False,False,False,False
307,ReviewDateEnd,1,False,False,False,False,False
308,ReviewProductGroup,1,False,False,False,False,False
309,ReviewInitiator,1,False,False,False,False,False
310,ReviewManager,1,False,False,False,False,False
311,ReviewDescription,1,False,False,False,False,False
312,ReviewNumber,1,False,False,False,False,False
313,PrcdrDepartmentName,1,False,False,False,False,False
314,prcdr-test,1,False,False,False,False,False
315,prcdrAppendixNumber,1,False,False,False,False,False
316,DevNumReport,1,False,False,False,False,False
317,DevSerial,1,False,False,False,False,False
318,DevLot,1,False,False,False,False,False
319,DevQuantity,1,False,False,False,False,False
320,DevInstructionForPacking,1,False,False,False,False,False
321,DevDate,1,False,False,False,False,False
322,DevDateWarehouseDalton,1,False,False,False,False,False
323,DevDatePackingDalton,1,False,False,False,False,False
324,DevApprovedExecuter,1,False,False,False,False,False
325,DevApproverMneng,1,False,False,False,False,False
326,DevInitiatorName,1,False,False,False,False,False
327,DevFormWriter,1,False,False,False,False,False
328,DevWarehouseNameDalton,1,False,False,False,False,False
329,DevPackingNameDalton,1,False,False,False,False,False
330,PrcdrControlCopyLocation,1,False,False,False,False,False
331,PdrcdrCheckYes,1,False,False,False,False,False
332,1_4_NameProject,1,False,False,False,False,False
333,1_4_NumberOfValidation,1,False,False,False,False,False
334,1_4_CatalogNumbers,1,False,False,False,False,False
335,1_4_SerialOfRawmaterials,1,False,False,False,False,False
336,1_4_Catalog PurchasingComponents,1,False,False,False,False,False
337,1_4_NameProjectManager,1,False,False,False,False,False
338,1_4_MEProjectManager,1,False,False,False,False,False
339,1_4_NameApprovedQA,1,False,False,False,False,False
340,1_4_DateApprovedQA,1,False,False,False,False,False
341,1_4_ApprovedQA,1,False,False,False,False,False
342,1_4_NameApprovedSQA,1,False,False,False,False,False
343,1_4_DateApprovedSQA,1,False,False,False,False,False
344,1_4_ApprovedSQA,1,False,False,False,False,False
345,1_4_NameApprovedPM,1,False,False,False,False,False
346,1_4_DateApprovedPM,1,False,False,False,False,False
347,1_4_ApprovedPM,1,False,False,False,False,False
348,1_4_NameApprovedMEManger,1,False,False,False,False,False
349,1_4_DateApprovedMEManager,1,False,False,False,False,False
350,1_4_ApprovedMEManager,1,False,False,False,False,False
351,1_4_NameApprovedRegulationManager,1,False,False,False,False,False
352,1_4_DateApprovedRegulationManager,1,False,False,False,False,False
353,1_4_ApprovedRegulationManager,1,False,False,False,False,False
354,1_4_NameApprovedLogisticCoordinator,1,False,False,False,False,False
355,1_4_DateApprovedLogisticCoordinator,1,False,False,False,False,False
356,1_4_ApprovedLogisticCoordinator,1,False,False,False,False,False
357,1_4_NameApprovedR&DQA,1,False,False,False,False,False
358,1_4_DateApprovedR&DQA,1,False,False,False,False,False
359,1_4_ApprovedR&DQA,1,False,False,False,False,False
360,1_4_NameApprovedTapi,1,False,False,False,False,False
361,1_4_DateApprovedTapi,1,False,False,False,False,False
362,1_4_ApprovedTapi,1,False,False,False,False,False
363,1_4_NameApprovedPFR,1,False,False,False,False,False
364,1_4_DateApprovedPFR,1,False,False,False,False,False
365,1_4_ApprovedPFR,1,False,False,False,False,False
366,1_4_NameApprovedMEProjectManager,1,False,False,False,False,False
367,1_4_DateApprovedMEProjectManager,1,False,False,False,False,False
368,1_4_NameApprovedAccountant,1,False,False,False,False,False
369,1_4_DateApprovedAccountant,1,False,False,False,False,False
370,1_4_ApprovedAccountant,1,False,False,False,False,False
371,1_4_ApprovedMEProjectManager,1,False,False,False,False,False
372,1_4_NameApprovedR&DVP,1,False,False,False,False,False
373,1_4_DateApprovedR&DVP,1,False,False,False,False,False
374,1_4_ApprovedR&DVP,1,False,False,False,False,False
375,1_4_NameApprovedQAVP,1,False,False,False,False,False
376,1_4_DateApprovedQAVP,1,False,False,False,False,False
377,1_4_ApprovedQAVP,1,False,False,False,False,False
378,1_4_QA_check1.1,1,False,False,False,False,False
379,1_4_QAYesNo1.1,1,False,False,False,False,False
380,1_4_NameAndDescriptionOfMeansOfProduction,1,False,False,False,False,False
381,PrcdrReleaseEnable,1,False,False,False,False,False
382,1_4_QAYesNo1.2,1,False,False,False,False,False
383,1_4_QAYesNo1.4,1,False,False,False,False,False
384,1_4_QAYesNo2.2,1,False,False,False,False,False
385,1_4_QAYesNo1.3,1,False,False,False,False,False
386,1_4_QAYesNo1.5,1,False,False,False,False,False
387,1_4_QAYesNo2.1,1,False,False,False,False,False
388,1_4_QA_check1.2,1,False,False,False,False,False
389,1_4_QA_check1.3,1,False,False,False,False,False
390,1_4_QA_check1.4,1,False,False,False,False,False
391,1_4_QA_check1.5,1,False,False,False,False,False
392,1_4_QA_check2.1,1,False,False,False,False,False
393,1_4_QA_check2.2,1,False,False,False,False,False
394,1_4_QA_checkValid,1,False,False,False,False,False
395,1_4_PM_check1.1,1,False,False,False,False,False
396,1_4_PM_check1.2,1,False,False,False,False,False
397,1_4_PM_check2.1,1,False,False,False,False,False
398,1_4_PM_check2.2,1,False,False,False,False,False
399,1_4_PM_check2.3,1,False,False,False,False,False
400,1_4_PM_check3.1,1,False,False,False,False,False
401,1_4_PM_check3.2,1,False,False,False,False,False
402,C,1,False,False,False,False,False
403,1_4_PM_checkValid,1,False,False,False,False,False
404,1_4_PM_YesNo1.1,1,False,False,False,False,False
405,1_4_PM_YesNo1.2,1,False,False,False,False,False
406,1_4_PM_YesNo2.1,1,False,False,False,False,False
407,1_4_PM_YesNo2.2,1,False,False,False,False,False
408,1_4_PM_YesNo2.3,1,False,False,False,False,False
409,1_4_PM_YesNo3.1,1,False,False,False,False,False
410,1_4_PM_YesNo3.2,1,False,False,False,False,False
411,1_4_ME_Manager_YesNo1.1,1,False,False,False,False,False
412,1_4_ME_Manager_YesNo1.2,1,False,False,False,False,False
413,1_4_ME_Manager_check1.1,1,False,False,False,False,False
414,1_4_ME_Manager_check1.2,1,False,False,False,False,False
415,1_4_ME_Manager_checkValid,1,False,False,False,False,False
416,1_4_Reg_Man_YesNo1.1,1,False,False,False,False,False
417,1_4_Reg_Man_YesNo1.2,1,False,False,False,False,False
418,1_4_Reg_Man_YesNo1.3,1,False,False,False,False,False
419,1_4_Reg_Man_YesNo1.4,1,False,False,False,False,False
420,1_4_Reg_Man_YesNo1.5,1,False,False,False,False,False
421,1_4_Reg_Man_YesNo1.6,1,False,False,False,False,False
422,1_4_Reg_Man_check1.1,1,False,False,False,False,False
423,1_4_Reg_Man_check1.2,1,False,False,False,False,False
424,1_4_Reg_Man_check1.3,1,False,False,False,False,False
425,1_4_Reg_Man_check1.4,1,False,False,False,False,False
426,1_4_Reg_Man_check1.5,1,False,False,False,False,False
427,1_4_Reg_Man_check1.6,1,False,False,False,False,False
428,1_4_Reg_Man_checkValid,1,False,False,False,False,False
429,1_4_SQA_checkValid,1,False,False,False,False,False
430,1_4_Logistic_Coordinator_checkValid,1,False,False,False,False,False
431,1_4_RDQA_checkValid,1,False,False,False,False,False
432,1_4_Tapi_checkValid,1,False,False,False,False,False
433,1_4_PFR_checkValid,1,False,False,False,False,False
434,1_4_MEProjectManager_checkValid,1,False,False,False,False,False
435,1_4_Accountant_checkValid,1,False,False,False,False,False
436,1_4_RDVP_checkValid,1,False,False,False,False,False
437,1_4_QAVP_checkValid,1,False,False,False,False,False
438,PrcdrValDateEnable,1,False,False,False,False,False
439,MESignature,1,False,False,False,False,False
440,1_4_SQARemark,1,False,False,False,False,False
441,1_4_QARemark,1,False,False,False,False,False
442,1_4_PMRemark,1,False,False,False,False,False
443,1_4_MEManagerRemark,1,False,False,False,False,False
444,1_4_RegManagerRemark,1,False,False,False,False,False
445,1_4_Logistic CoordinatorrRemark,1,False,False,False,False,False
446,1_4_RDQARemark,1,False,False,False,False,False
447,1_4_TapiRemark,1,False,False,False,False,False
448,1_4_PFRRemark,1,False,False,False,False,False
449,1_4_MEProjectManagerRemark,1,False,False,False,False,False
450,1_4_AccountantRemark,1,False,False,False,False,False
451,1_4_RDVPRemark,1,False,False,False,False,False
452,1_4_QAVPRemark,1,False,False,False,False,False
453,1_4_Baram,1,False,False,False,False,False
454,1_4_Dalton,1,False,False,False,False,False
455,1_4_CauseValidation,1,False,False,False,False,False
456,1_4_DaltonAndBaram,1,False,False,False,False,False
457,1_4_ProductionSite,1,False,False,False,False,False
458,PrcdrWarning,1,False,False,False,False,False
459,1_4_RDVPYesNo1,1,False,False,False,False,False
460,1_4_RDVPYesNo2,1,False,False,False,False,False
461,1_4_RDVPYesNo3,1,False,False,False,False,False
462,1_4_RDVPYesNo3.1,1,False,False,False,False,False
463,1_4_RDVPYesNo4,1,False,False,False,False,False
464,1_4_RDVP_check1,1,False,False,False,False,False
465,1_4_RDVP_check2,1,False,False,False,False,False
466,1_4_RDVP_check3,1,False,False,False,False,False
467,1_4_RDVP_check3.1,1,False,False,False,False,False
468,1_4_RDVP_check4,1,False,False,False,False,False
469,1_4_RDManager,1,False,False,False,False,False
470,1_4_PM_YesNo1.3,1,False,False,False,False,False
471,PrcdrPRComments,1,False,False,False,True,False
472,1_4_Reg_Man_YesNo1.7,1,False,False,False,False,False
473,1_4_Reg_Man_YesNo1.8,1,False,False,False,False,False
474,1_4_TAPI_YesNo1,1,False,False,False,False,False
475,1_4_TAPI_YesNo2.1,1,False,False,False,False,False
476,1_4_TAPI_YesNo2.2,1,False,False,False,False,False
477,1_4_TAPI_YesNo2.3,1,False,False,False,False,False
478,1_4_TAPI_YesNo3,1,False,False,False,False,False
479,1_4_Logistic CoordinatorYesNo_1.2,1,False,False,False,False,False
480,1_4_Logistic CoordinatorYesNo_1.1,1,False,False,False,False,False
481,1_4_Logistic CoordinatorYesNo_1.3,1,False,False,False,False,False
482,1_4_Logistic CoordinatorYesNo_1.3.1,1,False,False,False,False,False
483,1_4_Logistic CoordinatorYesNo_1.3.2,1,False,False,False,False,False
484,1_4_Logistic CoordinatorYesNo_1,1,False,False,False,False,False
485,1_4_RDQAYesNo_1,1,False,False,False,False,False
486,1_4_RDQAYesNo_2,1,False,False,False,False,False
487,1_4_RDQAYesNo_3,1,False,False,False,False,False
488,1_4_RDQAYesNo_4,1,False,False,False,False,False
489,1_4_RDQAYesNo_4.1,1,False,False,False,False,False
490,1_4_RDQAYesNo_4.2,1,False,False,False,False,False
491,1_4_RDQAYesNo_4.3,1,False,False,False,False,False
492,1_4_RDQAYesNo_5,1,False,False,False,False,False
493,1_4_RDQAYesNo_5.1,1,False,False,False,False,False
494,1_4_RDQAYesNo_5.2,1,False,False,False,False,False
495,1_4_RDQAOptions,1,False,False,False,False,False
496,1_4_ME_Manager_YesNo2,1,False,False,False,False,False
497,1_4_AccountantYesNo1.1,1,False,False,False,False,False
498,ValNameOf ValidateExecutor,1,False,False,False,False,False
499,ValTeamManager,1,False,False,False,False,False
500,ValQA,1,False,False,False,False,False
501,ValValidateAuthorDate,1,False,False,False,False,False
502,ValTeamManagerDate,1,False,False,False,False,False
503,ValQADate,1,False,False,False,False,False
504,ValValidateAuthorApproved,1,False,False,False,False,False
505,ValTeamManagerApproved,1,False,False,False,False,False
506,ValQAApproved,1,False,False,False,False,False
507,ValTeamManagerName,1,False,False,False,False,False
508,ValQAName,1,False,False,False,False,False
509,1_11_Ellipticals,1,False,False,False,False,False
510,ValValidationResponsible,1,False,False,False,False,False
511,1_4_NameAndDescriptionOfMeansOfProduction_2,1,False,False,False,False,False
512,1_4_MEPMYesNo1.1,1,False,False,False,False,False
513,1_4_MEPMYesNo1.2,1,False,False,False,False,False
514,1_4_MEPMYesNo1.3,1,False,False,False,False,False
515,1_4_QADaltonYesNo1.1,1,False,False,False,False,False
516,1_4_QADaltonYesNo1.2,1,False,False,False,False,False
517,1_4_QADaltonYesNo1.3,1,False,False,False,False,False
518,1_4_QADaltonYesNo1.4,1,False,False,False,False,False
519,1_4_QADaltonYesNo1.5,1,False,False,False,False,False
520,1_4_QADaltonYesNo2.1,1,False,False,False,False,False
521,1_4_QADaltonYesNo2.2,1,False,False,False,False,False
522,1_4_QADalton_checkValid,1,False,False,False,False,False
523,1_4_QA_DaltonRemark,1,False,False,False,False,False
524,1_4_NameApprovedQADalton,1,False,False,False,False,False
525,1_4_DateApprovedQADalton,1,False,False,False,False,False
526,1_4_ApprovedQADalton,1,False,False,False,False,False
527,1_4_NameApprovedPMDalton,1,False,False,False,False,False
528,1_4_DateApprovedPMDalton,1,False,False,False,False,False
529,1_4_ApprovedPMDalton,1,False,False,False,False,False
530,1_4_PM_Dalton_YesNo1.1,1,False,False,False,False,False
531,1_4_PM_Dalton_YesNo1.2,1,False,False,False,False,False
532,1_4_PM_Dalton_YesNo1.3,1,False,False,False,False,False
533,1_4_PM_Dalton_YesNo2.1,1,False,False,False,False,False
534,1_4_PM_Dalton_YesNo2.2,1,False,False,False,False,False
535,1_4_PM_Dalton_YesNo2.3,1,False,False,False,False,False
536,1_4_PM_Dalton_YesNo3.1,1,False,False,False,False,False
537,1_4_PM_Dalton_YesNo3.2,1,False,False,False,False,False
538,1_4_PM_Dalton_checkValid,1,False,False,False,False,False
539,1_4_PM_Dalton_Remark,1,False,False,False,False,False
540,1_4_RDQAYesNo_6,1,False,False,False,False,False
541,1_4_PFR_YesNo1.1,1,False,False,False,False,False
542,1_4_PFR_YesNo2.1,1,False,False,False,False,False
543,1_4_PFR_YesNo3.1,1,False,False,False,False,False
544,1_4_PFR_YesNo2.4,1,False,False,False,False,False
545,1_4_PFR_YesNo2.5,1,False,False,False,False,False
546,1_4_PFR_YesNo2.6,1,False,False,False,False,False
547,PrcdrDepartmentList,1,False,False,False,False,False
548,1_4_PFR_YesNo2.2,1,False,False,False,False,False
549,1_4_PFR_YesNo2.3,1,False,False,False,False,False
550,PrcdrDateSentToPR,1,False,False,False,False,False
551,PrcdrDatePrToQAApprover,1,False,False,False,False,False
552,PrcdrDatePendingAprovalApprovers,1,False,False,False,False,False
553,PrcdrDatePendingApprovalByAuthor,1,False,False,False,False,False
554,PrcdrDateAfterApproversSignAndSendToPr,1,False,False,False,False,False
555,testDocumentAuthor,1,False,False,False,False,False
556,DevLocation,1,False,False,False,False,False
557,DevWarehouseLocationFrom,1,False,False,False,False,False
558,DevDestruction,1,False,False,False,False,False
559,1_4_QAVP_BackToEngineer,1,False,False,False,False,False
560,PEandDesc,1,False,False,False,False,False
561,DevCheckWarehouseDalton,1,False,False,False,False,False
562,DevCheckPackingDalton,1,False,False,False,False,False
563,DevRemarkPackingDalton,1,False,False,False,False,False
564,DevRemarkWarehouseDalton,1,False,False,False,False,False
565,DevRemarkGeneral,1,False,False,False,False,False
566,MEPrjProjectName,1,False,False,False,False,False
567,MEPrjProjectNumber,1,False,False,False,False,False
568,MEPrjReWorkingCode,1,False,False,False,False,False
569,MEPrjProjectSponcer,1,False,False,False,False,False
570,DevDestructionInitiator,1,False,False,False,False,False
571,DevDestructionWarning,1,False,False,False,False,False
572,DevWarehouseLocationTo,1,False,False,False,False,False
573,DevCounter,1,False,False,False,False,False
574,DevChooseWarehouse,1,False,False,False,False,False
575,DevPackingNameBaram,1,False,False,False,False,False
576,DevDatePackingBaram,1,False,False,False,False,False
577,DevWarehouseNameBaram,1,False,False,False,False,False
578,DevDateWarehouseBaram,1,False,False,False,False,False
579,DevCheckPackingBaram,1,False,False,False,False,False
580,DevRemarkPackingBaram,1,False,False,False,False,False
581,DevRemarkWarehouseBaram,1,False,False,False,False,False
582,DevCheckWarehouseBaram,1,False,False,False,False,False
583,DevLogisticFlag,1,False,False,False,False,False
584,DevWarehouseFlag,1,False,False,False,False,False
585,DevPackingFlag,1,False,False,False,False,False
586,DevDontTouchFlag,1,False,False,False,False,False
587,DevChooseTransSite,1,False,False,False,False,False
588,DevChooseBeginingSite,1,False,False,False,False,False
589,DevWarning,1,False,False,False,False,False
590,1_4_Hide,1,False,False,False,False,False
591,PplNameOfCustomer,1,False,False,False,False,False
592,PplNumberOfCustomer,1,False,False,False,False,False
593,PplSimilarToPartNumberOfPaper,1,False,False,False,False,False
594,PpBubbleSize,1,False,False,False,False,False
595,PplRequiredSymbols,1,False,False,False,False,False
596,PplItemDescription,1,False,False,False,False,False
597,PpItemPaperNumber,1,False,False,False,False,False
598,PplDateFormatProduction,1,False,False,False,False,False
599,PpColorCaption,1,False,False,False,False,False
600,PplDateFormatExpired,1,False,False,False,False,False
601,PplLotCustomer,1,False,False,False,False,False
602,PplElcamBarcode,1,False,False,False,False,False
603,PplCustemerBarcode,1,False,False,False,False,False
604,PplMarkingCatalogNumber,1,False,False,False,False,False
605,PplCaptionRequirements,1,False,False,False,False,False
606,PplRemark,1,False,False,False,False,False
607,1_4_SQA_YesNo1.1,1,False,False,False,False,False
608,1_4_SQA_YesNo1.2,1,False,False,False,False,False
609,1_4_SQA_YesNo1.3,1,False,False,False,False,False
610,1_4_SQA_YesNo1.4,1,False,False,False,False,False
611,1_4_SQA_YesNo1.5,1,False,False,False,False,False
612,PplIssueDate,1,False,False,False,False,False
613,PpNumberOfFormChanges,1,False,False,False,False,False
614,PpItemLabelNumber,1,False,False,False,False,False
615,PpItemDescription,1,False,False,False,False,False
616,PpCustemerBarcode,1,False,False,False,False,False
617,PpSimilarToPartNumberOfPaper,1,False,False,False,False,False
618,PpMarkingCatalogNumber,1,False,False,False,False,False
619,PpRequiredSymbols,1,False,False,False,False,False
620,PpDateFormatProduction,1,False,False,False,False,False
621,PpDateFormatExpired,1,False,False,False,False,False
622,PpLotElcam,1,False,False,False,False,False
623,PpElcamBarcode,1,False,False,False,False,False
624,PpNameOfCustomer,1,False,False,False,False,False
625,PpCatalogNumberCodeOnTheLeftBelow,1,False,False,False,False,False
626,PpCaptionRequirements,1,False,False,False,False,False
627,PpRemark,1,False,False,False,False,False
628,PpNumberOfCustomer,1,False,False,False,False,False
629,PpCustomerName,1,False,False,False,False,False
630,PplCustomerName,1,False,False,False,False,False
631,PplSimilarLabelItemNumber,1,False,False,False,False,False
632,PplCatalogNumberCodeOnTheLeftBelow,1,False,False,False,False,False
633,PpCaptionQuantityWord,1,False,False,False,False,False
634,PpRegulatoryResponsibility,1,False,False,False,False,False
635,PpChooseCustomer,1,False,False,False,False,False
636,PpCountry,1,False,False,False,False,False
637,PpCatlogFinelProductNumber,1,False,False,False,False,False
638,PpLotCustomer,1,False,False,False,False,False
639,PplLotElcam,1,False,False,False,False,False
640,PpType,1,False,False,False,False,False
641,DevDateTest,1,False,False,False,False,False
642,PpCatalogNumberOfCustomer,1,False,False,False,False,False
643,PplCatalogNumberOfClint,1,False,False,False,False,False
644,PplCheckMovex,1,False,False,False,False,False
645,PrjRDVPApproved,1,False,False,False,False,False
646,PrjRDVPDate,1,False,False,False,False,False
647,PrjMEManagerApproved,1,False,False,False,False,False
648,PrjQAVPApproved,1,False,False,False,False,False
649,PrjProductEngineerApproved,1,False,False,False,False,False
650,PrjProjectEngineerApproved,1,False,False,False,False,False
651,PrjMarketingApproved,1,False,False,False,False,False
652,PrjMEManagerDate,1,False,False,False,False,False
653,PrjQAVPDate,1,False,False,False,False,False
654,PrjProductEngineerDate,1,False,False,False,False,False
655,PrjProjectEngineerDate,1,False,False,False,False,False
656,PrjMarketingDate,1,False,False,False,False,False
657,PrjRDVPName,1,False,False,False,False,False
658,PrjMEManagerName,1,False,False,False,False,False
659,PrjQAVPName,1,False,False,False,False,False
660,PrjProductEngineerName,1,False,False,False,False,False
661,PrjProjectEngineerName,1,False,False,False,False,False
662,PrjMarketingName,1,False,False,False,False,False
663,PrjMarketing&BDVPApproved,1,False,False,False,False,False
664,PrjMarketing&BDVPDate,1,False,False,False,False,False
665,PrjMarketing&BDVPName,1,False,False,False,False,False
666,PrjSalesVPApproved,1,False,False,False,False,False
667,PrjSalesVPDate,1,False,False,False,False,False
668,PrjSalesVPName,1,False,False,False,False,False
669,PrjSalesApproved,1,False,False,False,False,False
670,PrjSalesDate,1,False,False,False,False,False
671,PrjSalesName,1,False,False,False,False,False
672,PpMovexId,1,False,False,False,False,False
673,PpOptions,1,False,False,False,False,False
674,EAP-Risk Survey,1,False,False,False,False,False
675,PplDescriptionOfChanges,1,False,False,False,False,False
676,PpDescriptionOfChanges,1,False,False,False,False,False
677,PrcdrPRAuthor,1,False,False,False,False,False
678,PrcdrPRApprover,1,False,False,False,False,False
679,PrcdrPRQAApprover,1,False,False,False,False,False
680,PrcdrPRHideChoice,1,False,False,False,False,False
681,PRJDocType,1,False,False,False,False,False
682,PrjR&DAndClinicalTrialsApproved,1,False,False,False,False,False
683,PrjR&DAndClinicalTrialsDate,1,False,False,False,False,False
684,PrjR&DAndClinicalTrialsName,1,False,False,False,False,False
685,PrjInformationSpecialistApproved,1,False,False,False,False,False
686,PrjInformationSpecialistDate,1,False,False,False,False,False
687,PrjInformationSpecialistName,1,False,False,False,False,False
688,PrjPatentSpecialistApproved,1,False,False,False,False,False
689,PrjPatentSpecialistDate,1,False,False,False,False,False
690,PrjPatentSpecialistName,1,False,False,False,False,False
691,PrjRegulationManagerApproved,1,False,False,False,False,False
692,PrjRegulationManagerDate,1,False,False,False,False,False
693,PrjRegulationManagerName,1,False,False,False,False,False
694,MRKCustomerNumber,1,False,False,False,False,False
695,MRKCustomerName,1,False,False,False,False,False
696,MRKCountry,1,False,False,False,False,False
697,MRKTransactionValue,1,False,False,False,False,False
698,MRKCurrency,1,False,False,False,False,False
699,MRKDate,1,False,False,False,False,False
700,MRKDateTemplate,1,False,False,False,False,False
701,MRKR&DName,1,False,False,False,False,False
702,MRKMEName,1,False,False,False,False,False
703,MRKQAName,1,False,False,False,False,False
704,MRKVPSalesName,1,False,False,False,False,False
705,MRKR&DAuthorDate,1,False,False,False,False,False
706,MRKR&DDate,1,False,False,False,False,False
707,MRKMEDate,1,False,False,False,False,False
708,MRKQADate,1,False,False,False,False,False
709,MRKVPSalesDate,1,False,False,False,False,False
710,MRKR&DAuthorApproved,1,False,False,False,False,False
711,MRKR&DDateApproved,1,False,False,False,False,False
712,MRKMEDateApproved,1,False,False,False,False,False
713,MRKQADateApproved,1,False,False,False,False,False
714,MRKVPSalesDateApproved,1,False,False,False,False,False
715,MRKRenameHelp,1,False,False,False,False,False
716,MRKRequireswork,1,False,False,False,False,False
717,MRKType,1,False,False,False,False,False
718,prjTitel,1,False,False,False,False,False
719,MRKCustomerNameNumberCountry,1,False,False,False,False,False
720,MRKCustomerNameNumberCountry2,1,False,False,False,False,False
721,MRKCauseofthechange,1,False,False,False,False,False
722,PrjRegulationSpecialistName,1,False,False,False,False,False
723,PrjRegulationSpecialistDate,1,False,False,False,False,False
724,PrjRegulationSpecialistApproved,1,False,False,False,False,False
725,PrjQAEngineerName,1,False,False,False,False,False
726,PrjQAEngineerDate,1,False,False,False,False,False
727,PrjQAEngineerApproved,1,False,False,False,False,False
728,PrjProjectManagerName,1,False,False,False,False,False
729,PrjProjectManagerDate,1,False,False,False,False,False
730,PrjProjectManagerApproved,1,False,False,False,False,False
731,PrcdrManagerNameNotApprove,1,False,False,False,False,False
732,PrcdrManagerDateNotApprove,1,False,False,False,False,False
733,PrcdrManagerNotApprove,1,False,False,False,False,False
734,PrcdrManagerName,1,False,False,False,False,False
735,PrcdrManagerDate,1,False,False,False,False,False
736,PrcdrManagerApprove,1,False,False,False,False,False
737,PrcdrTrainingValid,1,False,False,False,False,False
738,PrcdrTrainingNotValid,1,False,False,False,False,False
739,PrcdrMangerDestined,1,False,False,False,False,False
740,PrcdrRemarkApprove,1,False,False,False,False,False
741,PrcdrRemarkNotApprove,1,False,False,False,False,False
742,PrcdrChooseTraining,1,False,False,False,False,False
743,PrcdrTrainingEnable,1,False,False,False,False,False
744,PrcdrSendToMangerDate,1,False,False,False,False,False
745,MRKCustomerNameNumberCountry22,1,False,False,False,False,False
746,PpRelated,1,False,False,False,False,False
747,MRKLeft,1,False,False,False,False,False
748,MRKRight,1,False,False,False,False,False
749,mrkMiddlel,1,False,False,False,False,False
750,mrkMiddlelRight,1,False,False,False,False,False
751,WorkCenter,1,False,False,False,False,False
752,PE,1,False,False,False,False,False
753,RelatedEquipmentList,1,False,False,False,False,False
754,PpQuantityLevel1,1,False,False,False,False,False
755,PpQuantityLevel2,1,False,False,False,False,False
756,PpQuantityLevel3,1,False,False,False,False,False
757,PpQuantityLevel5,1,False,False,False,False,False
758,PpQuantityLevel4,1,False,False,False,False,False
759,PpQuantityLevel5Desc,1,False,False,False,False,False
760,PpQuantityLevel1Desc,1,False,False,False,False,False
761,PpQuantityLevel2Desc,1,False,False,False,False,False
762,PpQuantityLevel3Desc,1,False,False,False,False,False
763,PpQuantityLevel4Desc,1,False,False,False,False,False
764,PpElcamPN,1,False,False,False,False,False
765,PpPrintingBlock,1,False,False,False,False,False
766,PpSize,1,False,False,False,False,False
767,PpVendor,1,False,False,False,False,False
768,PpShelfLife,1,False,False,False,False,False
769,1_4_PFR_checkValidFirst,1,False,False,False,False,False
770,1_4_PM_YesNo1.4,1,False,False,False,False,False
771,1_4_QAYesNo1.6,1,False,False,False,False,False
772,1_4_QADaltonYesNo1.6,1,False,False,False,False,False
773,1_4_TAPI_YesNo2.4,1,False,False,False,False,False
774,Customer Number,1,False,False,False,False,False
775,RMTitle,1,False,False,False,False,False
776,RMDAuthorDate,1,False,False,False,False,False
777,RMAuthorApproved,1,False,False,False,False,False
778,RMRDVPName,1,False,False,False,False,False
779,RMRDVPDate,1,False,False,False,False,False
780,RMRDVPApproved,1,False,False,False,False,False
781,RMQAVPName,1,False,False,False,False,False
782,RMQAVPDate,1,False,False,False,False,False
783,RMQAVPApproved,1,False,False,False,False,False
784,RMProjectPhase,1,False,False,False,False,False
785,RMList,1,False,False,False,False,False
786,RMDate,1,False,False,False,False,False
787,RMRisk ManagementNumber,1,False,False,False,False,False
788,BDVPName,1,False,False,False,False,False
789,BDVPDate,1,False,False,False,False,False
790,BDVPApproved,1,False,False,False,False,False
791,BDMarketingDirectorApproved,1,False,False,False,False,False
792,BDMarketingDirectorDate,1,False,False,False,False,False
793,BDNumber,1,False,False,False,False,False
794,MRKTestCustomerNameCountry,1,False,False,False,False,False
795,MRKTestCurrency,1,False,False,False,False,False
796,MRKTestPRJ-ProductGroup,1,False,False,False,False,False
797,1_4_PFR_YesNo4,1,False,False,False,False,False
798,1_4_RDQAYesNo_7,1,False,False,False,False,False
799,PRJProjectManager,1,False,False,False,False,False
800,RMChooseQAVP,1,False,False,False,False,False
801,RMDApproverDate,1,False,False,False,False,False
802,RMApproverApproved,1,False,False,False,False,False
803,1_11_KoterYesNo,1,False,False,False,False,False
804,1_11_Degree,1,False,False,False,False,False
805,1_11_LimitTop,1,False,False,False,False,False
806,1_11_LimitDown,1,False,False,False,False,False
807,1_4_ME_Manager_YesNo3,1,False,False,False,False,False
808,1_4_ECO,1,False,False,False,False,False
809,1_4_ECOReason,1,False,False,False,False,False
810,RMDoc Type,1,False,False,False,False,False
811,PrjPMOName,1,False,False,False,False,False
812,PrjPMODate,1,False,False,False,False,False
813,PrjPMOApproved,1,False,False,False,False,False
814,PrjProjectSponsorName,1,False,False,False,False,False
815,PrjProjectSponsorDate,1,False,False,False,False,False
816,PrjProjectSponsorApproved,1,False,False,False,False,False
817,_user full name,1,False,False,False,False,False
818,PCADepartmentsList,5,False,False,False,False,False
819,MEIDMEName,1,False,False,False,False,False
820,MEIDMEDate,1,False,False,False,False,False
821,MEIDMEApproved,1,False,False,False,False,False
822,MEIDPMBaramName,1,False,False,False,False,False
823,MEIDPMBaramDate,1,False,False,False,False,False
824,MEIDPMBaramApproved,1,False,False,False,False,False
825,MEIDQAVPName,1,False,False,False,False,False
826,MEIDQAVPDate,1,False,False,False,False,False
827,MEIDQAVPApproved,1,False,False,False,False,False
828,MEIDICOFirstIsueNumber,1,False,False,False,False,False
829,MEIDPMManagerChose,1,False,False,False,False,False
830,MEIDUpdat Description,1,False,False,False,False,False
831,Issue Date,1,False,False,False,False,False
832,MEIDCounter,1,False,False,False,False,False
833,MEIDPMDaltonName,1,False,False,False,False,False
834,MEIDPMDaltonDate,1,False,False,False,False,False
835,MEIDPMDaltonApproved,1,False,False,False,False,False
836,ValDocumentOwner,1,False,False,False,False,False
837,1_4_RDQAYesNo_5.3,1,False,False,False,False,False
838,MEDocType,1,False,False,False,False,False
839,MEAuthorName,1,False,False,False,False,False
840,MEAuthorDate,1,False,False,False,False,False
841,MEAuthorApprove,1,False,False,False,False,False
842,MEPMBaramName,1,False,False,False,False,False
843,MEPMBaramDate,1,False,False,False,False,False
844,MEPMBaramApprove,1,False,False,False,False,False
845,MEPMDaltonName,1,False,False,False,False,False
846,MEPMDaltonDate,1,False,False,False,False,False
847,MEPMDaltonApprove,1,False,False,False,False,False
848,MERDQAName,1,False,False,False,False,False
849,MERDQADate,1,False,False,False,False,False
850,MERDQAApprove,1,False,False,False,False,False
851,MEProjectMangerName,1,False,False,False,False,False
852,MEProjectMangerDate,1,False,False,False,False,False
853,MEProjectMangerApprove,1,False,False,False,False,False
854,MEDirectorOfAssemblyName,1,False,False,False,False,False
855,MEDirectorOfAssemblyDate,1,False,False,False,False,False
856,MEDirectorOfAssemblyApprove,1,False,False,False,False,False
857,MEManagerName,1,False,False,False,False,False
858,MEManagerDate,1,False,False,False,False,False
859,MEManagerApprove,1,False,False,False,False,False
860,MEDepartmentManagerName,1,False,False,False,False,False
861,MEDepartmentManagerDate,1,False,False,False,False,False
862,MEDepartmentManagerApprove,1,False,False,False,False,False
863,MEChoosePM,1,False,False,False,False,False
864,MEIDVPSalesName,1,False,False,False,False,False
865,MEIDVPSalesDate,1,False,False,False,False,False
866,MEIDVPSalesApproved,1,False,False,False,False,False
867,MEIDNPIManagerName,1,False,False,False,False,False
868,MEIDNPIManagerDate,1,False,False,False,False,False
869,MEIDNPIManagerApproved,1,False,False,False,False,False
870,1_11_WorkCenter5,1,False,False,False,False,False
871,1_11_WorkCenter6,1,False,False,False,False,False
872,1_11_ProdRate5,1,False,False,False,False,False
873,1_11_ProdRate6,1,False,False,False,False,False
874,1_11_RunTime5,1,False,False,False,False,False
875,1_11_RunTime6,1,False,False,False,False,False
876,1_11_Doc_Num_copy,1,False,False,False,False,False
877,PrcdrAppendixRevision,1,False,False,False,False,False
878,PrcdrCurrentState,1,False,False,False,False,False
879,1_4_PFR_YesNo1.2,1,False,False,False,False,False
880,1_4_PFR_YesNo1.3,1,False,False,False,False,False
881,1_4_PM_Dalton_YesNo1.4,1,False,False,False,False,False
882,MouldNumber,1,False,False,False,False,False
883,MoldWorkCenterNumber,1,False,False,False,False,False
884,MoldInjectionTechnicianDate,1,False,False,False,False,False
885,MoldInjectionTechnicianApproved,1,False,False,False,False,False
886,MoldInjectionManagerDate,1,False,False,False,False,False
887,MoldInjectionManagerApproved,1,False,False,False,False,False
888,MoldInjectionManagerName,1,False,False,False,False,False
889,MoldDescription,1,False,False,False,False,False
890,MoldInjectionTechnicianName,1,False,False,False,False,False
891,MouldDate,1,False,False,False,False,False
892,BDMarketingDirectorName,1,False,False,False,False,False
893,1_4_Changes_Conltrol,1,False,False,False,False,False
894,PpChooseIsraeliCustomer,1,False,False,False,False,False
895,0_2,1,False,False,False,False,False
896,PrjRDVPNameDesignate,1,False,False,False,False,False
897,PrjQAEngineerNameDesignate,1,False,False,False,False,False
898,PrjMarketingNameDesignate,1,False,False,False,False,False
899,PrjRegulationManagerNameDesignate,1,False,False,False,False,False
900,PrjProjectSponsorNameDesignate,1,False,False,False,False,False
901,PrcdrNameForTitel,1,False,False,False,False,False
902,PrcdrTitel,1,False,False,False,False,False
903,name,1,False,False,False,False,False
904,job title2,1,False,False,False,False,False
905,PrcdrJobTitelAuthur,1,False,False,False,False,False
906,PrcdrJobTitelQAApprover,1,False,False,False,False,False
907,PrcdrJobTitelApprover,1,False,False,False,False,False
908,job title,1,False,False,False,False,False
909,1_4_MaktimNosafim,1,False,False,False,False,False
910,1_4_PFR_YesNo2.7,1,False,False,False,False,False
911,1_4_PFRRemarkForBlocked,1,False,False,False,False,False
912,PrcdrJobTitelAutor,1,False,False,False,False,False
913,1_11_QAChooseSpec,1,False,False,False,False,False
914,Signature,1,False,False,False,False,False
915,SignatureRev0,1,False,False,False,False,False
916,SignatureRev1,1,False,False,False,False,False
917,PrcdrOrder NumTest,1,False,False,False,False,False
918,FCCDescription,1,False,False,False,False,False
919,FCCCompletionDate,1,False,False,False,False,False
920,FCCInitiatorName,1,False,False,False,False,False
921,FCCChangeNumber,1,False,False,False,False,False
922,FCCRelatedWorkingCenter,1,False,False,False,False,False
923,RelatedPocedures2,1,False,False,False,False,False
924,PrcdrRemarkReview,1,False,False,False,False,False
925,PrcdrReviewDate,1,False,False,False,False,False
926,PrcdrReviewBy,1,False,False,False,False,False
927,PrcdrReviewerSignature,1,False,False,False,False,False
928,FCCChoose,1,False,False,False,False,False
929,FCCAuthorDate,1,False,False,False,False,False
930,FCCAuthorApproved,1,False,False,False,False,False
931,FCCR&DName,1,False,False,False,False,False
932,FCCR&DDate,1,False,False,False,False,False
933,FCCR&DApproved,1,False,False,False,False,False
934,FCCMEDName,1,False,False,False,False,False
935,FCCMEDate,1,False,False,False,False,False
936,FCCMEApproved,1,False,False,False,False,False
937,FCCRegulationManagerName,1,False,False,False,False,False
938,FCCRegulationManagerDate,1,False,False,False,False,False
939,FCCRegulationManagerApproved,1,False,False,False,False,False
940,FCCQAVPName,1,False,False,False,False,False
941,FCCQAVPDate,1,False,False,False,False,False
942,FCCQAVPApproved,1,False,False,False,False,False
943,FCCQAChangeControlName,1,False,False,False,False,False
944,FCCQAChangeControlDate,1,False,False,False,False,False
945,FCCQAChangeControlApproved,1,False,False,False,False,False
946,FCCAuthorName,1,False,False,False,False,False
947,FCCNumber,1,False,False,False,False,False
948,FCCChangeNumberLeter,1,False,False,False,False,False
949,FCCChangeNumberLeter2,1,False,False,False,False,False
950,SVDate,1,False,False,False,False,False
951,FCCProjectManager,1,False,False,False,False,False
952,FCCProductEngineer,1,False,False,False,False,False
953,FCCValNumber,1,False,False,False,False,False
954,FCCYearNumber,1,False,False,False,False,False
955,FCCNameDescription,1,False,False,False,False,False
956,FCCQAVPApproveCheck,1,False,False,False,False,False
957,FCCEnableCheck,1,False,False,False,False,False
958,MPDADocType,1,False,False,False,False,False
959,RMDocumentTitle,1,False,False,False,False,False
960,prj document title,1,False,False,False,False,False
961,MPDALotNumber,1,False,False,False,False,False
962,MPDAMoldNumber,1,False,False,False,False,False
963,MPDAItemNumber,1,False,False,False,False,False
964,MPDAItemDescription,1,False,False,False,False,False
965,MPDADeviationStartDate,1,False,False,False,False,False
966,MPDAQAManagerBaramName,1,False,False,False,False,False
967,MPDAQAManagerBaramDate,1,False,False,False,False,False
968,MPDAQAManagerBaramApprove,1,False,False,False,False,False
969,RelatedEquipmenttest,1,False,False,False,False,False
970,MPDANumber,1,False,False,False,False,False
971,MPDANameDA,1,False,False,False,False,False
972,_user full name2,1,True,False,False,False,False
973,PrcdrPRUpdateTable,1,False,False,False,False,False
974,MPDADateStartDevTest,1,False,False,False,False,False
975,ValTeamManagerME,1,False,False,False,False,False
976,ValTeamManagerNameME,1,False,False,False,False,False
977,ValTeamManagerDateME,1,False,False,False,False,False
978,ValTeamManagerApprovedME,1,False,False,False,False,False
979,val2tabs,1,False,False,False,False,False
980,1_10_PjojectList,1,False,False,False,False,False
981,1_10_other,1,False,False,False,False,False
982,1_10_NameProject,1,False,False,False,False,False
983,1_10_SiteName,1,False,False,False,False,False
984,1_10_RouteOption,1,False,False,False,False,False
985,1_10_Numerator,1,False,False,False,False,False
986,1_10_CreateDate,1,False,False,False,False,False
987,MasterPlaneHide,1,False,False,False,False,False
988,PrcdrChooseTrainingProgram,1,False,False,False,False,False
989,SCPDepartmentName,1,False,False,False,False,False
990,SCPSoftwareName,1,False,False,False,False,False
991,SCPDocumentControlIsneeded,1,False,False,False,False,False
992,SCPName,1,False,False,False,False,False
993,SCPNumerator,1,False,False,False,False,False
994,SCPAuthorDate,1,False,False,False,False,False
995,SCPAuthorApproved,1,False,False,False,False,False
996,SCPAuthorName,1,False,False,False,False,False
997,SCPITRepresentativeName,1,False,False,False,False,False
998,SCPITRepresentativeDate,1,False,False,False,False,False
999,SCPITRepresentativeApproved,1,False,False,False,False,False
1000,SCPQAName,1,False,False,False,False,False
1001,SCPQADate,1,False,False,False,False,False
1002,SCPQAApproved,1,False,False,False,False,False
1003,SCPManagerOfDepartmentName,1,False,False,False,False,False
1004,SCPManagerOfDepartmentApproved,1,False,False,False,False,False
1005,SCPManagerOfDepartmentDate,1,False,False,False,False,False
1006,SCPQADocumentControlName,1,False,False,False,False,False
1007,SCPQADocumentControlApproved,1,False,False,False,False,False
1008,SCPQADocumentControlDate,1,False,False,False,False,False
1009,SCPITImplementApproved,1,False,False,False,False,False
1010,SCPITImplementDate,1,False,False,False,False,False
1011,SCPITImplementName,1,False,False,False,False,False
1012,SCPDate,1,False,False,False,False,False
1013,SCPFChoose,1,False,False,False,False,False
1014,EAP-ChoseBetweenReportPlan,1,False,False,False,False,False
1015,MSPDsupplierList,1,False,False,False,False,False
1016,MSPDdate,1,False,False,False,False,False
1017,MSPDAuthorName,1,False,False,False,False,False
1018,MSPDAuthorDate,1,False,False,False,False,False
1019,MSPDAuthorApproved,1,False,False,False,False,False
1020,MSPDDisqualifiedParts,1,False,False,False,False,False
1021,MSPMouldList,1,False,False,False,False,False
1022,MSPMChosee,1,False,False,False,False,False
1023,MSPDPartdescription,1,False,False,False,False,False
1024,MSPDPartname,1,False,False,False,False,False
1025,MSPDDrawingnumber,1,False,False,False,False,False
1026,MSPDMeeasuringtechnicianname,1,False,False,False,False,False
1027,MSPDMeeasuringtechniciandate,1,False,False,False,False,False
1028,MSPDMeeasuringtechnicianapproved,1,False,False,False,False,False
1029,MSPDdateTemplate,1,False,False,False,False,False
1030,SCPImplementationDate,1,False,False,False,False,False
1031,SCPDateTemplate,1,False,False,False,False,False
1032,MSPDdateTEMPLATE2,1,False,False,False,False,False
1033,1_10_POCheckOK,1,False,False,False,False,False
1034,1_10_POVisebal,1,False,False,False,False,False
1035,MouldRevalPartNumber,1,False,False,False,False,False
1036,MouldRevalReplacedParts,1,False,False,False,False,False
1037,MouldRevalAuthorName,1,False,False,False,False,False
1038,MouldRevalAuthorDate,1,False,False,False,False,False
1039,MouldRevalAuthorApproved,1,False,False,False,False,False
1040,MouldRevalInjQCName,1,False,False,False,False,False
1041,MouldRevalInjQCNDate,1,False,False,False,False,False
1042,MouldRevalInjQCApproved,1,False,False,False,False,False
1043,ManualInstructionCategory,1,False,False,False,False,False
1044,SCPDateCopy,1,False,False,False,False,False
1045,SCPITTitelName,1,False,False,False,False,False
1046,SCPQATitelName,1,False,False,False,False,False
1047,SCPITApproverTitelName,1,False,False,False,False,False
1048,MouldRevalTechnicianName,1,False,False,False,False,False
1049,MouldRevalMachineNumber,1,False,False,False,False,False
1050,MouldRevalLotAfterFix,1,False,False,False,False,False
1051,MPCADoctype,1,False,False,False,False,False
1052,MPCAMasterplanexpertApprove,1,False,False,False,False,False
1053,MPCAMEspecialistName,1,False,False,False,False,False
1054,MPCAMEspecialistDate,1,False,False,False,False,False
1055,MPCAMEspecialistApprove,1,False,False,False,False,False
1056,MPCAMasterplanexpertName,1,False,False,False,False,False
1057,MPCAMasterplanexpertDate,1,False,False,False,False,False
1058,MPCAMNumber,1,False,False,False,False,False
1059,MPCAMName,1,False,False,False,False,False
1060,MPCAMNQCName,1,False,False,False,False,False
1061,MPCAMDateTemplate,1,False,False,False,False,False
1062,MPCAMDate,1,False,False,False,False,False
1063,MPCAMNQCDate,1,False,False,False,False,False
1064,MPCAMNQCApprove,1,False,False,False,False,False
1065,SCPFChooseTemplate,1,False,False,False,False,False
1066,MPCAMasterPlanCheck,1,False,False,False,False,False
1067,SCPDocType,1,False,False,False,False,False
1068,PrcdrPRUpdateLMS,1,False,False,False,False,False
1069,EAP-NameAuthor,1,False,False,False,False,False
1070,ITGSoftwereName,1,False,False,False,False,False
1071,ITGDate,1,False,False,False,False,False
1072,ITGValidDate,1,False,False,False,False,False
1073,ITGAuthorName,1,False,False,False,False,False
1074,ITGAuthorDate,1,False,False,False,False,False
1075,ITGAuthorApprove,1,False,False,False,False,False
1076,ITGSubGrop,1,False,False,False,False,False
1077,ITGSubGrop2,1,False,False,False,False,False
1078,ITGSubject,1,False,False,False,False,False
1079,ITGManagerrName,1,False,False,False,False,False
1080,ITGManagerDate,1,False,False,False,False,False
1081,ITGManagerApprove,1,False,False,False,False,False
1082,SCPName2,1,False,False,False,False,False
1083,1_10_priority,1,False,False,False,False,False
1084,1_10_TelPhone,1,False,False,False,False,False
1085,1_10_Required Attend,1,False,False,False,False,False
1086,1_10_RequiredStartDate,1,False,False,False,False,False
1087,DevCurentState,1,False,False,False,False,False
1088,PrjQEName,1,False,False,False,False,False
1089,PrjQEDate,1,False,False,False,False,False
1090,PrjQEApproved,1,False,False,False,False,False
1091,EAP-NameTesterTest,1,False,False,False,False,False
1092,EAP-DateTesterTest,1,False,False,False,False,False
1093,EAP-SignTesterTest,1,False,False,False,False,False
1094,1_10_DocType,1,False,False,False,False,False
1095,1_4_NameApprovedRDPDM,1,False,False,False,False,False
1096,1_4_DateApprovedRDPDM,1,False,False,False,False,False
1097,1_4_ApprovedRDPDM,1,False,False,False,False,False
1098,1_4_NameApprovedQACS,1,False,False,False,False,False
1099,1_4_DateApprovedQACS,1,False,False,False,False,False
1100,1_4_ApprovedQACS,1,False,False,False,False,False
1101,1_4_QASC_checkValid,1,False,False,False,False,False
1102,1_4_RDPDM_checkValid,1,False,False,False,False,False
1103,1_4_DocType,1,False,False,False,False,False
1104,ValINJTechnicianName,1,False,False,False,False,False
1105,ValINJTechnicianDate,1,False,False,False,False,False
1106,ValINJTechnicianApproved,1,False,False,False,False,False
1107,1_4_MEP_CheckValid,1,False,False,False,False,False
1108,QAEVAppendixNumber,1,False,False,False,False,False
1109,QAEVProceduresNumber,1,False,False,False,False,False
1110,QAEVDocType,1,False,False,False,False,False
1111,QAEVR&DLABName,1,False,False,False,False,False
1112,QAEVR&DLABDate,1,False,False,False,False,False
1113,QAEVR&DLABApprove,1,False,False,False,False,False
1114,QAEVQAName,1,False,False,False,False,False
1115,QAEVQADate,1,False,False,False,False,False
1116,QAEVQAApprove,1,False,False,False,False,False
1117,RelatedProject,1,False,False,False,False,False
1118,hideSmarteam,1,False,False,False,False,False
1119,PrcdrChooseYESTraining,1,False,False,False,False,False
1120,PrcdrChooseNOTraining,1,False,False,False,False,False
1121,boaz_matan_group_list,1,False,False,False,False,False
1122,MLDAuthorName,1,False,False,False,False,False
1123,MLDDateName,1,False,False,False,False,False
1124,MLDAuthorApproved,1,False,False,False,False,False
1125,IFOPEFamilyGpoe,1,False,False,False,False,False
1126,IFOPEDescription,1,False,False,False,False,False
1127,MoldInjectionPRName,1,False,False,False,False,False
1128,MoldInjectionPRDate,1,False,False,False,False,False
1129,MoldInjectionPRApproved,1,False,False,False,False,False
1130,TtName,1,False,False,False,False,False
1131,GuyTest ApproverName MEPM,1,False,False,False,False,False
1132,GuyTest ApproverName MEMan.,1,False,False,False,False,False
1133,GuyTest ApproverName ITVP,1,False,False,False,False,False
1134,GuyTest DateApproved MEPM,5,False,False,False,False,False
1135,GuyTest DateApproved ME Manager,5,False,False,False,False,False
1136,GuyTest DateApproved ITVP,5,False,False,False,False,False
1137,GuyTest SiteComments Baram,1,False,False,False,False,False
1138,GuyTest SiteComments Dalton,1,False,False,False,False,False
1139,GuyTest SiteComments Other,1,False,False,False,False,False
1140,GuyTest For PM Approval,1,True,False,False,False,False
1141,GuyTest Approved by PM,1,False,False,False,False,False
1142,GuyTest,1,False,False,False,False,False
1143,GuyTest Approved by ITVP,1,False,False,False,False,False
1144,GuyTest Approved by ME Manager,1,False,False,False,False,False
1145,GuyTest Back to Author,1,False,False,False,False,False
1146,GuyTest Back to PM,1,False,False,False,False,False
1147,GuyTest Pending PM Approval,1,True,False,False,False,False
1148,GuyTest Under Revision,1,False,False,False,False,False
1149,GuyTest Author Completed,1,False,False,False,False,False
1150,GuyTest Revision,1,False,True,False,False,False
1151,GuyTest Number,1,False,False,False,False,False
1152,GuyTest Uncontrolled,1,False,False,False,False,False
1153,GuyTest Controlled,1,False,False,False,False,False
1154,PrjSystemsDevManagerName,1,False,False,False,False,False
1155,PrjSystemsDevManagerDate,1,False,False,False,False,False
1156,PrjSystemsDevManagerApproved,1,False,False,False,False,False
1157,SCPFPath,1,False,False,False,False,False
1158,PrjOperationName,1,False,False,False,False,False
1159,PrjOperationDate,1,False,False,False,False,False
1160,PrjOperationApprovoed,1,False,False,False,False,False
1161,MouldRevaComplaintNumber,1,False,False,False,False,False
1162,Testdepartment,1,False,False,False,False,False
1163,TestProjectName,1,False,False,False,False,False
1164,MeshermentPrayurty,1,False,False,False,False,False
1165,FCCDocumentAuthor,1,False,False,False,False,False
1166,MeasurementsApprvType,1,False,False,False,False,False
1167,prjMasterPRJProject,1,False,False,False,False,False
1168,Comment2,1,False,False,False,False,False
1169,IMMAuthorName,1,False,False,False,False,False
1170,IMMAuthorDate,1,False,False,False,False,False
1171,IMMAuthorApprove,1,False,False,False,False,False
1172,IMMMEspecialistName,1,False,False,False,False,False
1173,IMMMEspecialistDate,1,False,False,False,False,False
1174,IMMMEspecialistApprove,1,False,False,False,False,False
1175,IMMInjQCName,1,False,False,False,False,False
1176,IMMInjQCDate,1,False,False,False,False,False
1177,IMMInjQCApprove,1,False,False,False,False,False
1178,IMMList,1,False,False,False,False,False
1179,MSPDLot,1,False,False,False,False,False
1180,MSPDDepartment,1,False,False,False,False,False
1181,MSPDProjectName,1,False,False,False,False,False
1182,MSPDSireal,1,False,False,False,False,False
1183,MSPDSOP,1,False,False,False,False,False
1184,MSPDPriority,1,False,False,False,False,False
1185,MSPDCountInOneProduct,1,False,False,False,False,False
1186,MSPDCountProductForTest,1,False,False,False,False,False
1187,MSPDType,1,False,False,False,False,False
1188,MSPDCountResult,1,False,False,False,False,False
1189,MSPDDescription,1,False,False,False,False,False
1190,MSPDApproverName,1,False,False,False,False,False
1191,MSPDApproverDate,1,False,False,False,False,False
1192,MSPDApproverApprove,1,False,False,False,False,False
1193,MSPDDDate,1,False,False,False,False,False
1194,MSPDInitiator,1,False,False,False,False,False
1195,MSPDDDate22,1,False,False,False,False,False
1196,ValValidateAuthor,1,False,False,False,False,False
1197,MSPDActivHour,1,False,False,False,False,False
1198,MSPDDDueDate,1,False,False,False,False,False
1199,MSPDDuedate2,1,False,False,False,False,False
1200,MSPDAOnerName,1,False,False,False,False,False
1201,MSPDAOnerDate,1,False,False,False,False,False
1202,MSPDAOnerApproved,1,False,False,False,False,False
1203,IMMPartNumber,1,False,False,False,False,False
1204,IMMlLotAfterFix,1,False,False,False,False,False
1205,IMMComplaintNumber,1,False,False,False,False,False
1206,IMMTechnicianName,1,False,False,False,False,False
1207,IMMConter,1,False,False,False,False,False
1208,IMMDocType,1,False,False,False,False,False
1209,IMMList2,1,False,False,False,False,False
1210,IMMList3,1,False,False,False,False,False
1211,ValSerialNoIMM,1,False,False,False,False,False
1212,MarketingDirectorDate,1,False,False,False,False,False
1213,ChiefMarketingOfficerDate,1,False,False,False,False,False
1214,ChiefMarketingOfficerName,1,False,False,False,False,False
1215,MarketingDirectorApproved,1,False,False,False,False,False
1216,ChiefMarketingOfficerApproved,1,False,False,False,False,False
1217,MarketingDirectorName,1,False,False,False,False,False
1218,1_10_NumberProject,1,False,False,False,False,False
1219,IMMMachingNumber,1,False,False,False,False,False
1220,MSPDCatgory,1,False,False,False,False,False
1221,MSPDAQCName,1,False,False,False,False,False
1222,MSPDAQCDate,1,False,False,False,False,False
1223,MSPDAQCApproved,1,False,False,False,False,False
1224,PRJProjectNameNumber,1,False,False,False,False,False
1225,MMMoldWorkCenterNumber,1,False,False,False,False,False
1226,MMMouldNumber,1,False,False,False,False,False
1227,MMMoldDescription,1,False,False,False,False,False
1228,MMMEEngnnerApproved,1,False,False,False,False,False
1229,MMMEEngnnerDate,1,False,False,False,False,False
1230,MMMEEngnnerName,1,False,False,False,False,False
1231,MMMoldLogisticsApproved,1,False,False,False,False,False
1232,MMMoldLogisticsDate,1,False,False,False,False,False
1233,MMMoldLogisticsName,1,False,False,False,False,False
1234,MMMoldMasterDate,1,False,False,False,False,False
1235,MMMoldMasterName,1,False,False,False,False,False
1236,MMMoldMasterApproved,1,False,False,False,False,False
1237,MMCreatedBYName,1,False,False,False,False,False
1238,1_10_DocumentAuthor,1,False,False,False,False,False
1239,Test____,1,False,False,False,False,False
1240,MMMoldCategory,1,False,False,False,False,False
1241,1_4_NameApprovedPFR2,1,False,False,False,False,False
1242,1_4_DateApprovedPFR2,1,False,False,False,False,False
1243,1_4_ApprovedPFR2,1,False,False,False,False,False
1244,1_4_Remark,1,False,False,False,False,False
1245,1_4_Autor,1,False,False,False,False,False
1246,PCAInitiator,1,False,False,False,False,False
1247,PCA-Text,1,False,False,False,False,False
1248,PCANumerator,1,False,False,False,False,False
1249,PCA ProcessCategories,1,False,False,False,False,False
1250,PCAWorkingCenter,1,False,False,False,False,False
1251,0_1,1,True,False,False,False,False
1252,PCANameAuthor,1,False,False,False,False,False
1253,PCADateAuthor,1,False,False,False,False,False
1254,PCAApprovedAuthor,1,False,False,False,False,False
1255,PCANameMEEngineer,1,False,False,False,False,False
1256,PCADateAMEEngineer,1,False,False,False,False,False
1257,PCAApprovedMEEngineer,1,False,False,False,False,False
1258,PCANameTeamManager,1,False,False,False,False,False
1259,PCADateTeamManager,1,False,False,False,False,False
1260,PCAApprovedTeamManager,1,False,False,False,False,False
1261,PCADoctype,1,False,False,False,False,False
1262,PCADescription,1,False,False,False,False,False
1263,DevBaramDalton,1,False,False,False,False,False
1264,MRKAuthorName,1,False,False,False,False,False
1265,_SW_Last_Saved_With_,1,False,False,False,False,False
1266,MouldRevalProductionSite,1,False,False,False,False,False
1267,Weight,1,False,False,False,False,False
1268,Part_Type,1,False,False,False,False,False
1269,Part_No,1,False,False,False,False,False
1270,Finish_Treatment,1,False,False,False,False,False
1271,Design_Date,1,False,False,False,False,False
1272,Designed_By,1,False,False,False,False,False
1273,Drawn_By,1,False,False,False,False,False
1274,Drawn_Date,1,False,False,False,False,False
1275,Dwg_No,1,False,False,False,False,False
1276,Approved_By,1,False,False,False,False,False
1277,Approved_Date,1,False,False,False,False,False
1278,NameApprovedRegulation,1,False,False,False,False,False
1279,DateApprovedRegulation,1,False,False,False,False,False
1280,ApproveRegulation,1,False,False,False,False,False
1281,SMP-Numerator,1,False,False,False,False,False
1282,SMP-NameProject,1,False,False,False,False,False
1283,SMP-NameClent,1,False,False,False,False,False
1284,SMP-ChoseList,1,False,False,False,False,False
1285,SMP-ClintRequirement,1,False,False,False,False,False
1286,SMP-TelPhone,1,False,False,False,False,False
1287,SMP-ProjectManager,1,False,False,False,False,False
1288,SMP-Quantity,1,False,False,False,False,False
1289,SMP-OrderNumber,1,False,False,False,False,False
1290,SMP-Type,1,False,False,False,False,False
1291,SMP-RouteOption,1,False,False,False,False,False
1292,SMP-SiteName,1,False,False,False,False,False
1293,SMP-Author,1,False,False,False,False,False
1294,SMP-ClientRequirements,1,False,False,False,False,False
1295,Smart Design Ay,1,False,False,False,False,False
1296,SMP-TapiName,1,False,False,False,False,False
1297,SMP-TapiDate,1,False,False,False,False,False
1298,SMP-TapiApproved,1,False,False,False,False,False
1299,SMP-QCInjName,1,False,False,False,False,False
1300,SMP-QCInjDate,1,False,False,False,False,False
1301,SMP-QCInjApproved,1,False,False,False,False,False
1302,SMP-QCInjDaltonName,1,False,False,False,False,False
1303,SMP-QCInjDaltonDate,1,False,False,False,False,False
1304,SMP-QCInjDaltonApproved,1,False,False,False,False,False
1305,SMP-QCAssName,1,False,False,False,False,False
1306,SMP-QCAssApproved,1,False,False,False,False,False
1307,SMP-QCPRMName,1,False,False,False,False,False
1308,SMP-QCPRMDate,1,False,False,False,False,False
1309,SMP-QCPRMApproved,1,False,False,False,False,False
1310,SMP-PoApproved,1,False,False,False,False,False
1311,SMP-PoDate,1,False,False,False,False,False
1312,SMP-PoName,1,False,False,False,False,False
1313,SMP-QAEngineeringApproved,1,False,False,False,False,False
1314,SMP-QAEngineeringDate,1,False,False,False,False,False
1315,SMP-QAEngineeringName,1,False,False,False,False,False
1316,SMP-QCAutoDepApproved,1,False,False,False,False,False
1317,SMP-QCAutoDepDate,1,False,False,False,False,False
1318,SMP-QCAutoDepName,1,False,False,False,False,False
1319,SMP-QCSamiAutoDepApproved,1,False,False,False,False,False
1320,SMP-QCSamiAutoDepDate,1,False,False,False,False,False
1321,SMP-QCSamiAutoDepName,1,False,False,False,False,False
1322,SMP-SalesApproved,1,False,False,False,False,False
1323,SMP-SalesDate,1,False,False,False,False,False
1324,SMP-SalesName,1,False,False,False,False,False
1325,SMP-QCAssDate,1,False,False,False,False,False
1326,Ecr-AuthorApproved,1,False,False,False,False,False
1327,Ecr-AuthorDate,1,False,False,False,False,False
1328,Ecr-ConfigurationManagementApproved,1,False,False,False,False,False
1329,Ecr-ConfigurationManagementDate,1,False,False,False,False,False
1330,Ecr-ConfigurationManagementName,1,False,False,False,False,False
1331,Ecr-Initoator,1,False,False,False,False,False
1332,Ecr-Numerator,1,False,False,False,False,False
1333,Ecr-TypeOfChange,1,False,False,False,False,False
1334,Ecr-AuthorName,1,False,False,False,False,False
1335,Ecr-ChangeNumberLeter,1,False,False,False,False,False
1336,Ecr-ChangeNumberLeter2,1,False,False,False,False,False
1337,Ecr-YearNumber,1,False,False,False,False,False
1338,121,1,True,False,False,False,False
1339,Ecr-Date,1,False,False,False,False,False
1340,Ecr-DocType,1,False,False,False,False,False
1341,Ecr-Description,1,False,False,False,False,False
1342,CCB-numerator,1,False,False,False,False,False
1343,CCB-ECONumbers,1,False,False,False,False,False
1344,Eco-Initoator,1,False,False,False,False,False
1345,Eco-Numerator,1,False,False,False,False,False
1346,Eco-Description,1,False,False,False,False,False
1347,Eco-DocType,1,False,False,False,False,False
1348,Eco-MinorMajor,1,False,False,False,False,False
1349,Eco-ConfigurationManagementName,1,False,False,False,False,False
1350,Eco-ConfigurationManagementDate,1,False,False,False,False,False
1351,Eco-ConfigurationManagementApproved,1,False,False,False,False,False
1352,Eco-Manufacturing EngineeringDate,1,False,False,False,False,False
1353,Eco-Manufacturing EngineeringName,1,False,False,False,False,False
1354,Eco-Manufacturing EngineeringApproved,1,False,False,False,False,False
1355,Eco-QADate,1,False,False,False,False,False
1356,Eco-QAName,1,False,False,False,False,False
1357,Eco-QAApproved,1,False,False,False,False,False
1358,Eco-RDDate,1,False,False,False,False,False
1359,Eco-RDName,1,False,False,False,False,False
1360,Eco-RDApproved,1,False,False,False,False,False
1361,Eco-TAPIDate,1,False,False,False,False,False
1362,Eco-TAPIName,1,False,False,False,False,False
1363,Eco-TAPIApproved,1,False,False,False,False,False
1364,Eco-SalesDate,1,False,False,False,False,False
1365,Eco-SalesName,1,False,False,False,False,False
1366,Eco-SalesApproved,1,False,False,False,False,False
1367,Eco-RegulationDate,1,False,False,False,False,False
1368,Eco-RegulationName,1,False,False,False,False,False
1369,Eco-RegulationApproved,1,False,False,False,False,False
1370,Eco-E3DDate,1,False,False,False,False,False
1371,Eco-E3DName,1,False,False,False,False,False
1372,Eco-E3DApproved,1,False,False,False,False,False
1373,Eco-ECR Number,1,False,False,False,False,False
1374,Eco-ChangeCompletionApprovalDate,1,False,False,False,False,False
1375,Eco-ChangeCompletionApprovalName,1,False,False,False,False,False
1376,Eco-ChangeCompletionApprovalApproved,1,False,False,False,False,False
1377,ECO-Comments,1,False,False,False,False,False
1378,MSVDocType,1,False,False,False,False,False
1379,MSVMEengineerApprover,1,False,False,False,False,False
1380,MSVMEengineerDate,1,False,False,False,False,False
1381,MSVMEengineerName,1,False,False,False,False,False
1382,MSVMEGroupManagerDate,1,False,False,False,False,False
1383,MSVMEGroupManagerName,1,False,False,False,False,False
1384,MSVQAEngineerApprover,1,False,False,False,False,False
1385,MSVQAEngineerDate,1,False,False,False,False,False
1386,MSVQAEngineerName,1,False,False,False,False,False
1387,MSVMEGroupManagerApprover,1,False,False,False,False,False
1388,injinjMaintenanceMachinesEquipmentApproveInjManagerDate,1,False,False,False,False,False
1389,injinjMaintenanceMachinesEquipmentApproveInjManagerName,1,False,False,False,False,False
1390,injinjMaintenanceMachinesEquipmentApproveInjManagerApprove,1,False,False,False,False,False
1391,injMaintenanceMachinesEquipmentName,1,False,False,False,False,False
1392,injMaintenanceMachinesEquipmentTecnitionDate,1,False,False,False,False,False
1393,injMaintenanceMachinesEquipmentApprove,1,False,False,False,False,False
1394,injCalibrationsInjManagerDate,1,False,False,False,False,False
1395,injCalibrationsInjManagerName,1,False,False,False,False,False
1396,injCalibrationsTecnitionApprove,1,False,False,False,False,False
1397,injCalibrationsTecnitionDate,1,False,False,False,False,False
1398,injCalibrationsTecnitionName,1,False,False,False,False,False
1399,injCalibrationsInjManagerApprove,1,False,False,False,False,False
1400,injMainManagerDate,1,False,False,False,False,False
1401,injMainManagerName,1,False,False,False,False,False
1402,injMainTecApprove,1,False,False,False,False,False
1403,injMainTecDate,1,False,False,False,False,False
1404,injMainTectName,1,False,False,False,False,False
1405,injMainManagerApprove,1,False,False,False,False,False
1406,PrcdrRemarkInstructions,1,False,False,False,False,False
1407,MSVDocumentAuthor,1,False,False,False,False,False
1408,SystemsMechanicalEngineerApproved,1,False,False,False,False,False
1409,SystemsChiefQARAApproved,1,False,False,False,False,False
1410,SystemsChiefQARADate,1,False,False,False,False,False
1411,SystemsChiefQARAName,1,False,False,False,False,False
1412,SystemsHWEngineerApproved,1,False,False,False,False,False
1413,SystemsHWEngineerDate,1,False,False,False,False,False
1414,SystemsHWEngineerName,1,False,False,False,False,False
1415,SystemsMechanicalEngineerDate,1,False,False,False,False,False
1416,SystemsMechanicalEngineerName,1,False,False,False,False,False
1417,SystemsQAEngineerApproved,1,False,False,False,False,False
1418,SystemsQAEngineerDate,1,False,False,False,False,False
1419,SystemsQAEngineerName,1,False,False,False,False,False
1420,SystemsSWEngineerApproved,1,False,False,False,False,False
1421,SystemsSWEngineerDate,1,False,False,False,False,False
1422,SystemsSWEngineerName,1,False,False,False,False,False
1423,1.11NewItemPN,1,False,False,False,False,False
1424,1.11Date,1,False,False,False,False,False
1425,1.11SimilarItemPN,1,False,False,False,False,False
1426,1.11IsnewPNreplacingsimilar,1,False,False,False,False,False
1427,1.11Initoator,1,False,False,False,False,False
1428,1.11ItemClass,1,False,False,False,False,False
1429,1.11ItemGroup,1,False,False,False,False,False
1430,1.11Reasonforrequest,1,False,False,False,False,False
1431,1.11NumberofProjectECOOther,1,False,False,False,False,False
1432,1.11DocType,1,False,False,False,False,False
1433,1.11AuthorDate,1,False,False,False,False,False
1434,1.11AuthorName,1,False,False,False,False,False
1435,1.11AuthorApproved,1,False,False,False,False,False
1436,1.11ConfigurationManagementDate,1,False,False,False,False,False
1437,1.11ConfigurationManagementName,1,False,False,False,False,False
1438,1.11ConfigurationManagementApproved,1,False,False,False,False,False
1439,1.11MEDate,1,False,False,False,False,False
1440,1.11MEName,1,False,False,False,False,False
1441,1.11MEApproved,1,False,False,False,False,False
1442,1.11QAProductionControlDate,1,False,False,False,False,False
1443,1.11QAProductionControlName,1,False,False,False,False,False
1444,1.11QAProductionControlApproved,1,False,False,False,False,False
1445,1.11ConfigurationManagementName2,1,False,False,False,False,False
1446,1.11ConfigurationManagementDate2,1,False,False,False,False,False
1447,1.11ConfigurationManagementApproved2,1,False,False,False,False,False
1448,1.11TPIDate,1,False,False,False,False,False
1449,1.11TPIName,1,False,False,False,False,False
1450,1.11TPIApproved,1,False,False,False,False,False
1451,1.11PDMDate,1,False,False,False,False,False
1452,1.11PDMName,1,False,False,False,False,False
1453,1.11PDMApproved,1,False,False,False,False,False
1454,1.11AccountingDate,1,False,False,False,False,False
1455,1.11AccountingName,1,False,False,False,False,False
1456,1.11AccountingApproved,1,False,False,False,False,False
1457,1.11ConfigurationManagementDate3,1,False,False,False,False,False
1458,1.11ConfigurationManagementName3,1,False,False,False,False,False
1459,1.11ConfigurationManagementApproved3,1,False,False,False,False,False
1460,1.11Numerator,1,False,False,False,False,False
1461,1.11Makaf,1,False,False,False,False,False
1462,1.11YearNumber,1,False,False,False,False,False
1463,1.11Startletter,1,False,False,False,False,False
1464,MRKRegulatoryDate,1,False,False,False,False,False
1465,MRKRegulatoryName,1,False,False,False,False,False
1466,MRKRegulatoryApprove,1,False,False,False,False,False
1467,boaz_matan__ME_Engeneer_date,1,False,False,False,False,False
1468,boaz_matan__ME_Engeneer_name,1,False,False,False,False,False
1469,boaz_matan__ME_Engeneer_approved,1,False,False,False,False,False
1470,boaz_matan_QA_name,1,False,False,False,False,False
1471,boaz_matan_QA_date,1,False,False,False,False,False
1472,boaz_matan_ME_specilist_approved,1,True,False,False,False,False
1473,boaz_matan_QA_approved,1,False,False,False,False,False
1474,boaz_matan_IT_date,1,False,False,False,False,False
1475,boaz_matan_IT_name,1,False,False,False,False,False
1476,boaz_matan_IT_approved,1,False,False,False,False,False
1477,boaz_matan_number_list,1,False,False,False,False,False
1478,boaz_matan_numerator,1,False,False,False,False,False
1479,boazMatanDescription,1,False,False,False,False,False
1480,boazMatanFileName,1,False,False,False,False,False
1481,FE_QA_eng_name,1,False,False,False,False,False
1482,ValConfigurationManagementName,1,False,False,False,False,False
1483,ValConfigurationManagementDate,1,False,False,False,False,False
1484,ValConfigurationManagementApproved,1,False,False,False,False,False
1485,ValConfigurationManagement,1,False,False,False,False,False
1486,Mission Control,1,False,False,False,False,False
1487,ValidationEngName,1,False,False,False,False,False
1488,ValidationEngDate,1,False,False,False,False,False
1489,ValidationEngApprove,1,False,False,False,False,False
1490,QCManagerName,1,False,False,False,False,False
1491,QCManagerDate,1,False,False,False,False,False
1492,QCManagerApprove,1,False,False,False,False,False
1493,QCSeniorName,1,False,False,False,False,False
1494,QCSeniorDate,1,False,False,False,False,False
1495,QCSeniorApprove,1,False,False,False,False,False
1496,TapiManagerName,1,False,False,False,False,False
1497,TapiManagerDate,1,False,False,False,False,False
1498,TapiManagerApproved,1,False,False,False,False,False
1499,ConfigurationManagementName,1,False,False,False,False,False
1500,ConfigurationManagementDate,1,False,False,False,False,False
1501,ConfigurationManagementApprove,1,False,False,False,False,False
1502,QEManagerName,1,False,False,False,False,False
1503,QEManagerDate,1,False,False,False,False,False
1504,QEManagerApproved,1,False,False,False,False,False
